{
  "anchored_walk_forward": [
    {
      "embargoed": [
        54,
        55
      ],
      "purged": [
        40,
        41
      ],
      "test_end": 53,
      "test_mean": 0.0022836723479124355,
      "test_start": 42,
      "train_end": 39,
      "train_mean": 0.0015606305537748638,
      "train_start": 0
    },
    {
      "embargoed": [
        70,
        71
      ],
      "purged": [
        56,
        57
      ],
      "test_end": 69,
      "test_mean": 0.0021959233131898883,
      "test_start": 58,
      "train_end": 55,
      "train_mean": 0.0018284743683475416,
      "train_start": 0
    },
    {
      "embargoed": [
        86,
        87
      ],
      "purged": [
        72,
        73
      ],
      "test_end": 85,
      "test_mean": 0.002114666151598573,
      "test_start": 74,
      "train_end": 71,
      "train_mean": 0.0019559474024562593,
      "train_start": 0
    }
  ],
  "bootstrap": {
    "mean": 0.0020268451007254377,
    "p05": 0.0015876110205563416,
    "p95": 0.0024624855498549653,
    "samples": 500,
    "seed": 7
  },
  "created_at": "2026-07-10T00:00:00Z",
  "dsr": 0.999450148830721,
  "embargo_observations": 2,
  "finite_probability_checks": {
    "dsr": true,
    "pbo": true,
    "psr": true
  },
  "is_oos_degradation": {
    "degradation": 0.062214101253476706,
    "in_sample_return": 0.12672770385647258,
    "out_of_sample_return": 0.06451360260299588
  },
  "lookbacks": [
    5,
    10,
    20
  ],
  "pbo": {
    "combinations": 70,
    "logits": [
      -1.0986122886681098,
      -1.0986122886681098,
      -1.0986122886681098,
      -1.0986122886681098,
      -1.0986122886681098,
      -1.0986122886681098,
      -1.0986122886681098,
      -1.0986122886681098,
      -1.0986122886681098,
      -1.0986122886681098,
      -1.0986122886681098,
      -1.0986122886681098,
      -1.0986122886681098,
      -1.0986122886681098,
      -1.0986122886681098,
      0.0,
      0.0,
      0.0,
      0.0,
      0.0,
      0.0,
      0.0,
      0.0,
      0.0,
      0.0,
      0.0,
      0.0,
      0.0,
      0.0,
      0.0,
      0.0,
      0.0,
      0.0,
      0.0,
      0.0,
      1.0986122886681098,
      1.0986122886681098,
      1.0986122886681098,
      1.0986122886681098,
      1.0986122886681098,
      1.0986122886681098,
      1.0986122886681098,
      1.0986122886681098,
      1.0986122886681098,
      1.0986122886681098,
      1.0986122886681098,
      1.0986122886681098,
      1.0986122886681098,
      1.0986122886681098,
      1.0986122886681098,
      1.0986122886681098,
      1.0986122886681098,
      1.0986122886681098,
      1.0986122886681098,
      1.0986122886681098,
      1.0986122886681098,
      1.0986122886681098,
      1.0986122886681098,
      1.0986122886681098,
      1.0986122886681098,
      1.0986122886681098,
      1.0986122886681098,
      1.0986122886681098,
      1.0986122886681098,
      1.0986122886681098,
      1.0986122886681098,
      1.0986122886681098,
      1.0986122886681098,
      1.0986122886681098,
      1.0986122886681098
    ],
    "pbo": 0.5,
    "selected_variants": [
      0,
      0,
      0,
      0,
      0,
      0,
      0,
      0,
      0,
      0,
      0,
      0,
      0,
      0,
      0,
      0,
      0,
      0,
      0,
      0,
      0,
      0,
      0,
      0,
      0,
      0,
      0,
      0,
      0,
      0,
      0,
      0,
      0,
      0,
      0,
      0,
      0,
      0,
      0,
      0,
      0,
      0,
      0,
      0,
      0,
      0,
      0,
      0,
      0,
      0,
      0,
      0,
      0,
      0,
      0,
      0,
      0,
      0,
      0,
      0,
      0,
      0,
      0,
      0,
      0,
      0,
      0,
      0,
      0,
      0
    ]
  },
  "psr": 0.9997800916369586,
  "purge_observations": 2,
  "reality_check": {
    "reality_check_pvalue": 0.001996007984031936,
    "spa_pvalue": 0.001996007984031936
  },
  "regimes": {
    "high_volatility": {
      "mean": 0.0017385500828382254,
      "observations": 48.0,
      "win_rate": 0.8541666666666666
    },
    "low_volatility": {
      "mean": 0.002245643801734034,
      "observations": 48.0,
      "win_rate": 0.7708333333333334
    }
  },
  "rolling_walk_forward": [
    {
      "embargoed": [
        54,
        55
      ],
      "purged": [
        40,
        41
      ],
      "test_end": 53,
      "test_mean": 0.0022836723479124355,
      "test_start": 42,
      "train_end": 39,
      "train_mean": 0.0015606305537748638,
      "train_start": 0
    },
    {
      "embargoed": [
        70,
        71
      ],
      "purged": [
        56,
        57
      ],
      "test_end": 69,
      "test_mean": 0.0021959233131898883,
      "test_start": 58,
      "train_end": 55,
      "train_mean": 0.002437902499118469,
      "train_start": 16
    },
    {
      "embargoed": [
        86,
        87
      ],
      "purged": [
        72,
        73
      ],
      "test_end": 85,
      "test_mean": 0.002114666151598573,
      "test_start": 74,
      "train_end": 71,
      "train_mean": 0.0023415694310873177,
      "train_start": 32
    }
  ],
  "schema_version": 1,
  "sensitivity": {
    "max_neighbor_degradation": 0.022705768911513657,
    "neighbors": [
      {
        "lookback": 5,
        "net_return": 0.2084576517232264
      },
      {
        "lookback": 20,
        "net_return": 0.1685355375479548
      }
    ],
    "parameter": "lookback",
    "selected_metric": 0.19124130645946846,
    "selected_value": 10
  },
  "target": "examples/b2-baselines/donchian_momentum/package",
  "trial_sharpes": [
    0.7942900332502274,
    0.7224097877244001,
    0.6739356146974732
  ],
  "variants": 3
}
